{
    "icon": "pencil",
    "items": [
        {
            "permission": "posts.access",
            "text": "Posts list",
            "link": "/posts"
        },
        {
            "permission": "posts.create",
            "text": "Create post",
            "link": "/posts/create"
        },
        {
            "permission": "posts.create",
            "text": "Categories",
            "link": "/categories"
        },
        {
            "permission": "posts.create",
            "text": "Create category",
            "link": "/categories/create"
        }
    ]
}